Time,root.test.g_0.d_0.s_20,root.test.g_0.d_0.s_21,root.test.g_0.d_0.s_22
1640966401000,"TEk8Ko8j44","tpRJdtBz2G","gvX6vlBZrH"
1640966402000,"w8IBGIei1L","Nfjtko6jRu","Bx9E9hcYt2"
1640966403000,"fqbaKAHLYu","2jKFYTWcZW","b8oJqLYNWA"
1640966404000,"9GgUOp1Mok","UYRjCQ1DLR","54gan2ZRYq"
1640966405000,"59hONmOZe2","yznwMYKQZr","HOEJC9Ul2z"
1640966406000,"z07nBGe5Rl","nc1ggakHC0","vXoFcNQ5Vd"
1640966407000,"jlpBxlrj6f","XmMF2Niu16","eGjKvSAf4q"
1640966408000,"U6QlAasOh1","hj3r8bmaIY","QLXufmMftU"
1640966409000,"sOvShTZgH8","XPovrm8Nkx","gnhTd2sHW4"
1640966410000,"0GBmZbvqvW","g1oz8oa17D","pYJN5X2xZe"
1640966411000,"uiSNFMCeV9","YB20Bd3dOF","I0pGL4IMOp"
1640966412000,"ZAevl2hVcn","znTClQlvvO","p7xoWJyIyx"
1640966413000,"Jy7Vgc9EIT","X9o6bYMdgA","1Of9QvdkvM"
1640966414000,"oWJOsGpdxL","bIYjTcoxh6","2iVtGXaaIf"
1640966415000,"By1134BWmb","dmgtrM3WnM","nNMgUvs4jv"
1640966416000,"FokdF6w4xm","EDpoRVrZph","xNxjVIT4ke"
1640966417000,"wv8mSm5ptM","PaNuBOpXrY","TLFsVxjtQM"
1640966418000,"CX2K65Ke3W","WQZx6a8QFj","BWEbkA9Adk"
1640966419000,"7M4ZbVFj9M","wp3zGjOlCi","wtaZIVRdZQ"
1640966420000,"AvmM8l8VrW","y8IkTpoZIK","4SFtFjCr7f"
1640966421000,"LgezLbYUX5","BYUGWxW05R","GVUSP4bNOy"
1640966422000,"Q9kA4C7AtL","IHyZ1GDCcY","G4lNObBmSH"
1640966423000,"AnlckAeedg","zOeNBWWuz0","d4GCxQifs3"
1640966424000,"lnzTYnCIo8","GDmvJhNiMO","RyeGWA637s"
1640966425000,"b443k5HUJz","jHjbR9KW1L","3buwOwoTEr"
1640966426000,"GlGTcHcxl1","sMT3kJu8nn","AdMlI9UAAf"
1640966427000,"rqHDsIzw0T","H2mPQfxf8h","uCw8EAHW6G"
1640966428000,"ZwgFLPqc3J","xpTxxSvrYE","bVahLoHbED"
1640966429000,"de7JDqtQij","bdAz9MoIgD","tOypsnbFif"
1640966430000,"NT6SF3Cmyp","n6XYpqIk7o","X8TYwtfrWo"
1640966431000,"0MraDOMMOF","jAxumt3egK","Jq153YRagF"
1640966432000,"7taZYpCJ9Q","UXE7lCjrfl","ln9UvcnMB8"
1640966433000,"0WDpC6TBHp","DXbT90iw3M","6pTvIw4oTS"
1640966434000,"mUIu81EOLv","QKs9QhcJNc","kcy2rPky9i"
1640966435000,"L3mhM04jPJ","pDKLmoaUnF","HBDFOFvPJ1"
1640966436000,"tW1MMCksZp","ZKHyzTkW3b","Ec19G19LTn"
1640966437000,"09Jh1WF46L","qPOqI7sWBL","OJOGxgCh0L"
1640966438000,"3GgqeSWInS","8ILn5uEhGr","oeM5GbTkTy"
1640966439000,"NTJSOxDvwN","GnRJCS9Jq4","6YOzFeRrJI"
1640966440000,"OsvQE6JJZH","PtUfYSSDDz","mecib1j1RG"
1640966441000,"n81iM5pEAx","gRwkk9JH82","Xlj4pP72kk"
1640966442000,"H3tmOUtb31","iXLur6ZVBS","dprsqVoVgX"
1640966443000,"J4aODLuVoP","0hseY3lXDC","uW5Pn2QHYm"
1640966444000,"z13aQmzjcF","zqnNnYfmzi","tUSYq5B7Oi"
1640966445000,"gCqQsPIEks","lcwM2DQEhV","tZdRVNM3CD"
1640966446000,"wYDOwf2jX8","2hVCb5DciU","EgL9qXIkIL"
1640966447000,"fFD4gK1g9G","BIt6GZWMsS","4sQXZA2dey"
1640966448000,"rjF2DrXrpF","ikTjX9vQV9","OcqzzhidEE"
1640966449000,"IGAFvPMQyW","XeLsp0Kfop","DKI1Nzaa7P"
1640966450000,"9iM56VadfE","FRgy67OBnm","dxpu14efV2"
1640966451000,"d9q4xi0dYj","oJYZWGeDQg","YVaPuQHl6L"
1640966452000,"8ClbNkwu9z","UUPKHWOmMv","WIjyQ3BiCJ"
1640966453000,"Aw639hj0il","u0lNF0l4Dh","WGGYYCSecZ"
1640966454000,"ZHPuRwsf67","hPMT6vCUA1","3viY1sl9gA"
1640966455000,"8UhtdAIah5","eyNBRP7dIe","xVA0RxhDTK"
1640966456000,"fsE7O7cceG","0QKIuS9yKF","1UdhG3D7J5"
1640966457000,"gnyaXdmA2L","PHRoXUSLdt","BysZJ4KQr2"
1640966458000,"9XHoNUt6mD","uorx6vjXrY","Wk5AHVfhX5"
1640966459000,"banRilSXdq","MtYmVB3Lxw","HkiXy1HdZF"
1640966460000,"Ub4nKGja1g","GWANXKO6pM","jQJ6PpNHn4"
1640966461000,"1Uy0vtR5ZB","74Up3xASmw","EhOgBE6Ulb"
1640966462000,"P37Xwqyj1J","lKbOkWEydX","GVdrhBEBOa"
1640966463000,"mHVYFATVHD","GyuktTzZ8O","Sczvho2Ktf"
1640966464000,"PiHrSqSqdv","WAlLf6APa3","YNIDP8DcJF"
1640966465000,"HGy87g1VuR","4nhdDyP9Mu","mFeyDAhfMs"
1640966466000,"wOL1ojCLKZ","460aEkhnZl","NEhUriiE1J"
1640966467000,"lFTcvuZNhL","1lV8qdqEQV","qqRCEGc2Mp"
1640966468000,"28Jvim7WF4","XmHL9x0ONK","IAKWvyVBKH"
1640966469000,"Cq9rte50x7","hJZmCXmFln","9jbqHrHeNf"
1640966470000,"DrVmERsnsp","2jsRkC0CoK","j1DDL6NIE3"
1640966471000,"gy9OhuZmNI","oUjfBWWvwb","nKln2IImr8"
1640966472000,"RM0yUZ1oxD","htJ3xW8vGd","OtU8AwYSKk"
1640966473000,"JCr5DFz67V","FSpJJSA23B","6kjyBv4JhA"
1640966474000,"Qa8WQMi6vm","K4LvaxfRmy","BpnSBbv7PC"
1640966475000,"ClM58wVKzh","BeJGjf1tYV","4mFMZiawvp"
1640966476000,"1xNoFOT1m8","Fgu15sHJ2K","oeVpk7g8XO"
1640966477000,"pMlNB06vO3","CYW1osagN8","EzwNlcs7cw"
1640966478000,"ZnEuBGzYcH","VU7gt20u0z","D7BTJ786k6"
1640966479000,"02VLciMAYm","4NfABAen9O","8TAVovEgji"
1640966480000,"irT4ACsqjH","HuxmrNVjsP","k1edCkVJZ7"
1640966481000,"h6hfNQeLpx","8sMshSVSt8","GWlXNMJcUi"
1640966482000,"jf7K7NZilj","6p1kf5kYYE","Ay6i06AP5C"
1640966483000,"tv9FJxs8mK","4NQynIv28N","sXLOvhaT1Q"
1640966484000,"AusYMoREto","Wp6JCzdTrb","gHN7QC8GLW"
1640966485000,"lpWQzn59pG","1i62pFRVd4","rcxLZLJW0p"
1640966486000,"aMAffkgsqW","z9VbA3bIYV","yhG2W6itdJ"
1640966487000,"4ElYaNxqXM","vw7Sfo8LI0","OoKFSUnptw"
1640966488000,"8wC6loHgxF","4F7Xrozrjr","ZAnFZ9yIcb"
1640966489000,"DuWW9fc4ol","2DsDJmouS5","izvAGJF2Pr"
1640966490000,"zRabMXDMGl","KHu1RS8DYw","DEipLCgUMn"
1640966491000,"DjpGCVZ1fb","qrOD0IABmq","NRlPZKuzuH"
1640966492000,"a1lSkyDszy","iqXWWYpOWP","HkZrQduBCk"
1640966493000,"ntj3yydL9v","iz2w1woluG","SFBuThkNy5"
1640966494000,"9VDf8mtNHR","1HJn5lUhRO","oRgX85BgNW"
1640966495000,"hdwVD7zDWn","IocdWuujAI","gP7UB8VBTq"
1640966496000,"hTnURiOQCl","mfgas8TY6k","x1ufC7bV7w"
1640966497000,"GkChX8mlvF","C2c2oG8rNo","oiotJGkRGJ"
1640966498000,"8TiKuvxRMk","NR3gfaRfQF","yxRBXuoSjo"
1640966499000,"56gTQGcMAY","XN5s8ZVsGr","a90cVTPFQT"
